,Gene,Ensembl,gene,pvalue,padj
2036,TREM2,ENSG00000095970,ENSG00000095970,2.06782294307e-07,0.00356947596433
4317,CCL20,ENSG00000115009,ENSG00000115009,1.41425798417e-06,0.0122064606614
